,0,1,2,3,4,5,6,7,8,9,10,11,12
0,新媒体,党的创新理论,主流意识形态,,,,,,,,,,
1,新媒体,明星直播,,,,,,,,,,,
2,新媒体,短视频,非遗,纪录片,,,,,,,,,
3,新媒体,高校图书馆,阅读推广,,,,,,,,,,
4,食品包装学,互动教学,新媒体,,,,,,,,,,
5,新媒体,思想政治教育,传播,,,,,,,,,,
6,媒介化社会,乡村振兴,新媒体,赋权,,,,,,,,,
7,新媒体,音乐创作,大众音乐审美,审美特征,,,,,,,,,
8,新媒体,主流媒体,传统媒体,传播力,影响力,,,,,,,,
9,官方通报,“另类”,新媒体,政府治理,,,,,,,,,
10,时尚传播,新媒体,信息技术,,,,,,,,,,
11,直播电商,编辑,营销动能,新媒体,,,,,,,,,
12,大学生,思想政治教育,新媒体,,,,,,,,,,
13,新媒体,高校学生,意识形态教育,话语权,,,,,,,,,
14,传播游戏理论,新媒体,图书宣传,,,,,,,,,,
15,新媒体,短视频,深度伪造,信任危机,,,,,,,,,
16,图书馆营销,新媒体,微信公众号,国际图联,南京大学,高校图书馆,,,,,,,
17,跨界,公共艺术,交互,新媒体,,,,,,,,,
18,重大突发公共事件,新媒体,舆论引导,传播策略,,,,,,,,,
19,新媒体,信息资源,传播过程,用户关系,内容增值,,,,,,,,
20,新媒体,农民工,信息服务模式,扎根理论,,,,,,,,,
21,新媒体,,,,,,,,,,,,
22,精准扶贫,新媒体,舆论监督,电子商务,,,,,,,,,
23,学术期刊,新媒体,媒体融合,融合发展,内容渠道,,,,,,,,
24,新媒体,戏剧与影视学,学科建设,教育改革,,,,,,,,,
25,新媒体,传统媒体,社会互动,商业养老保险决策,,,,,,,,,
26,短视频,新媒体,电视媒体,移动互联网,,,,,,,,,
27,主流媒体,新媒体,短视频,媒体融合,内容生产,人民日报抖音号,,,,,,,
28,重大疫情,网络次生舆情,新媒体,治理,,,,,,,,,
29,新媒体,高校,意识形态,话语权,,,,,,,,,
30,戏剧,电影,交互,新媒体,,,,,,,,,
31,新媒体,中华武术,国际话语权,武术文化传播,体育强国,,,,,,,,
32,新媒体,高校网络思想政治教育,挑战,应对,,,,,,,,,
33,科技期刊,新媒体,问卷调查,创新,,,,,,,,,
34,高校,图书馆营销,新媒体,全渠道,,,,,,,,,
35,博物馆,文博,新媒体,微博矩阵,融合发展,,,,,,,,
36,后疫情时代,系统功能语言学,话语主题,人际意义,大数据,新媒体,,,,,,,
37,免疫规划,挑战,思考,新媒体,,,,,,,,,
38,信息技术,年幼儿童,学习与发展,电视,新媒体,,,,,,,,
39,新媒体,城市形象,微视频,《广东一分钟》,,,,,,,,,
40,新媒体,艺术图像,弥散,融合,,,,,,,,,
41,代际反哺,文化反哺,新媒体,,,,,,,,,,
42,新媒体,微纪录片,突围,,,,,,,,,,
43,快闪,图书馆,阅读推广,新媒体,,,,,,,,,
44,医学期刊,数字出版,集约化出版,新媒体,调查问卷,,,,,,,,
45,新媒体,高校图书馆,阅读推广,,,,,,,,,,
46,新媒体,高校外语专业,课程思政,现实问题,对策,,,,,,,,
47,大学生,思想引领,新媒体,,,,,,,,,,
48,新媒体,电视,舆论监督,,,,,,,,,,
49,新媒体,高校意识形态,新特点,问题挑战,体制机制,,,,,,,,
50,新媒体,佛系青年文化,心理机制,价值引导,,,,,,,,,
51,新时代,学校治理,价值引领,教师责任,群众观念,思想教育,家长教育,新媒体,,,,,
52,新时代,民族团结进步教育,新媒体,交往交流交融,,,,,,,,,
53,新媒体,受众传播,知识图谱,,,,,,,,,,
54,新媒体,食用菌,产品营销,销售渠道,,,,,,,,,
55,新媒体,戏剧影视评论,价值判断,功能对象,,,,,,,,,
56,世界一流科技期刊,集群化发展,新媒体,知识服务,,,,,,,,,
57,动态图形,景观设计,景观表现,新媒体,方案阐述,,,,,,,,
58,主题出版,新媒体,涵化理论,,,,,,,,,,
59,新媒体,高校,全媒体人才,培养模式,,,,,,,,,
60,网络直播,内容生产,新媒体,,,,,,,,,,
61,UGC,内容生产,新媒体,数字劳工,,,,,,,,,
62,新媒体,电视剧,营销,盈利,,,,,,,,,
63,微电影广告,新媒体,营销策略,,,,,,,,,,
64,新媒体,VR虚拟现实技术,电影创作,观影体验,,,,,,,,,
65,新媒体,电影教育,电影艺术,,,,,,,,,,
66,政治传播,政治建设,传统媒体,新媒体,治理体系,,,,,,,,
67,新媒体,高职院校,网络舆情治理,,,,,,,,,,
68,精深阅读,阅读推广,新媒体,国家图书馆少儿馆,,,,,,,,,
69,新媒体,大学生,数字化阅读,阅读引导,,,,,,,,,
70,审计风险,关联交易,IPO,,,,,,,,,,
71,新媒体,青年,主流节目,《中国态度》,,,,,,,,,
72,智媒体,新媒体,融合发展,,,,,,,,,,
73,媒介变革,有线广播,电视,新媒体,乡村治理结构,,,,,,,,
74,新闻舆论工作,队伍建设,新媒体,改变,不良文风,,,,,,,,
75,营销策略,新媒体,服装品牌,UGC,宣传推广,,,,,,,,
76,融合出版,传统出版,新媒体,认知迭代,,,,,,,,,
77,动物学,新媒体,考核改革,问卷调查,,,,,,,,,
78,新媒体,非遗钧瓷文化,传播策略,,,,,,,,,,
79,新媒体,高职院校,信仰教育,,,,,,,,,,
80,马来西亚,新媒体,净选盟,抗争政治,政治过程理论,集体行动形式库,,,,,,,
81,学生管理,新媒体,尺度,过度,适度,,,,,,,,
82,大学生,就业信息,新媒体,,,,,,,,,,
83,网络直播,学术共同体,新媒体,传播能力,新冠肺炎,,,,,,,,
84,新媒体,众筹扶贫,运作逻辑,困境,对策,,,,,,,,
85,意识形态,话语权,新媒体,,,,,,,,,,
86,新媒体,国家形象,整合传播,,,,,,,,,,
87,中国科学院,科技期刊,新媒体,微信公众号,微博,,,,,,,,
88,学术期刊,新媒体,风险放大,意识形态风险,著作权风险,学术伦理风险,表达风险,,,,,,
89,民俗文化,新媒体,“互联网+”,,,,,,,,,,
90,新媒体,思政,育人共同体,中华优秀传统文化,,,,,,,,,
91,新媒体,医院舆情管理,SWOT分析,,,,,,,,,,
92,新媒体,新闻客户端,融合发展,创新路径,天眼新闻,,,,,,,,
93,新媒体,年鉴,个性化建构,,,,,,,,,,
94,新媒体,大学生,网络舆情,,,,,,,,,,
95,媒体融合,新媒体,阅读推广,高校图书馆,,,,,,,,,
96,非物质文化遗产,新媒体,短视频,非物质文化遗产传播与传承,,,,,,,,,
97,新媒体,思政课建设,守正创新,,,,,,,,,,
98,新媒体,低俗化,道德重构,,,,,,,,,,
99,《山西日报》,融媒栏目,新媒体,融合,互动,,,,,,,,
100,图书馆,新媒体,今日头条,头条号,TGI,,,,,,,,
101,新媒体,公安院校,党建,,,,,,,,,,
102,平台型媒体,信息监管,互联网,新媒体,,,,,,,,,
103,新媒体,微信公众平台,钢琴课程,移动学习,互动优势,教学管理,学习质量,,,,,,
104,中国动画,传播,新媒体,跨文化,,,,,,,,,
105,豫剧文化,新媒体,传承与创新,,,,,,,,,,
106,新媒体,微信公众号,中文科技期刊,,,,,,,,,,
107,非物质文化遗产,新媒体,传播,文化再生产,,,,,,,,,
108,信息碎片化,意识形态管理权,新媒体,,,,,,,,,,
109,新媒体,市场营销,互联网,营销策略,,,,,,,,,
110,历史虚无主义,新媒体,大学生,思想政治教育,,,,,,,,,
111,桦树皮,工艺美术,桦树皮画,新媒体,,,,,,,,,
112,场景化,时空观,新媒体,传播时间,场景传播,,,,,,,,
113,公共危机,危机管理,新媒体,优化策略,,,,,,,,,
114,新媒体,高校,思想政治教育,,,,,,,,,,
115,博物馆,云展览,新媒体,博物馆传播,智慧博物馆,,,,,,,,
116,新媒体,转播权,价值创造,实现方式,,,,,,,,,
117,新媒体,少数民族地区高校,思政课教学,,,,,,,,,,
118,媒体融合,县级融媒体,新媒体,传统媒体,,,,,,,,,
119,媒介素养教育,新媒体,教育理念,网络,,,,,,,,,
120,村落影像志,抢救记录,文化保护,新媒体,乡村振兴,,,,,,,,
121,新媒体,广电产业,拓展路径,媒介技术,,,,,,,,,
122,CGTN,法语频道,对外传播,Vlog,新媒体,,,,,,,,
123,新媒体,传统旅游类节目,发展,,,,,,,,,,
124,本地故事,县级融媒体中心,内容分析,新媒体,智能技术,,,,,,,,
125,新媒体,“融合报道”,叙事学,中国新闻奖,,,,,,,,,
126,网络文学,新媒体,新媒介文艺理论,作家,文学生产,,,,,,,,
127,新媒体,翻转课堂,网络教学,艺术设计,,,,,,,,,
128,地方戏曲,潮剧,海外传播,新媒体,对策,,,,,,,,
129,新媒体,社会治理,参与意愿,国家自豪感,中介效应,,,,,,,,
130,全媒体,高校思想政治教育,立德树人,内容为王,创新为要,需求为本,,,,,,,
131,体育,传播媒介技术,融媒体,新媒体,创新,发展趋势,,,,,,,
132,使用与满足,移动短视频,新媒体,高校图书馆,服务机制,,,,,,,,
133,优秀传统文化,新媒体,,,,,,,,,,,
134,新媒体,媒体融合,自传播,智能传播,数字传播,数字社会治理,,,,,,,
135,新媒体,视觉传达,培养模式,,,,,,,,,,
136,纪录电影,电视纪录片,纪录片产业,新媒体,,,,,,,,,
137,政务微信,政府公信力,新媒体,提升,,,,,,,,,
138,新媒体,抖音,短视频营销,营销传播,,,,,,,,,
139,公共领域,新媒体,社会情感,,,,,,,,,,
140,传播学,范式转变,数字传播,新媒体,自传播,智能传播,,,,,,,
141,期刊发行,广告,互联网+,融媒体,社群化,平台建设,全媒体运营,新媒体,,,,,
142,审美,新媒体,展览体,形式,艺术个性,,,,,,,,
143,广告设计,新媒体,信息传播,,,,,,,,,,
144,新媒体,网络文艺,发展态势,传播特征,引导策略,,,,,,,,
145,公益招贴,新媒体,平面设计,抗疫,,,,,,,,,
146,全域旅游,服务设计,新媒体,品牌,,,,,,,,,
147,《主播说联播》,话语分析,新媒体,,,,,,,,,,
148,非物质文化遗产,新媒体,模糊集定性比较分析,微信公众号,,,,,,,,,
149,新媒体,科学传播,科学普及,,,,,,,,,,
150,新媒体,全民阅读,内容生产,阅读习惯,阅读消费,,,,,,,,
151,直播带货,新媒体,购物节目,媒体融合,,,,,,,,,
152,政务新媒体,新媒体,互联网,,,,,,,,,,
153,行业技术类科技期刊,媒体融合,新媒体,内容融合,组织融合,平台思维,,,,,,,
154,新媒体,广告人才,新媒体编辑,新媒体运营,大数据分析,,,,,,,,
155,体育赛事转播权,网络平台,新媒体,,,,,,,,,,
156,审计署,政府信息公开,年度报告,新媒体,,,,,,,,,
157,新媒体,文化创造力,,,,,,,,,,,
158,县级融媒体,媒体融合,新媒体,融媒体,全媒人才,,,,,,,,
159,中舞网,舞蹈,文化,新媒体,,,,,,,,,
160,创业教育,传媒专业,话语构建,新媒体,,,,,,,,,
161,新媒体,阶层固化,舆论传播,自媒体,,,,,,,,,
162,数字阅读,新媒体,阅读推广,,,,,,,,,,
163,新媒体,高校医学期刊,健康科普,,,,,,,,,,
164,科技期刊,全媒体,新媒体,品牌推广,专题策划,,,,,,,,
165,杨柳青年画,新媒体,产品开发,非物质文化遗产,传承,,,,,,,,
166,群体极化,社会流瀑,新媒体,信息茧房,回音室效应,,,,,,,,
167,新冠肺炎,主流媒体,新媒体,信息呈现,,,,,,,,,
168,新媒体,档案,收集,,,,,,,,,,
169,新媒体,意识形态安全,挑战及应对,,,,,,,,,,
170,民族文化,文化符号,新媒体,,,,,,,,,,
171,日常生活化,政治传播,新媒体,新时代,,,,,,,,,
172,新媒体,数字技术,动态影像,本体,动画性,,,,,,,,
173,品牌栏目,新媒体,微信公众号,新华社,浏览量,,,,,,,,
174,网络仇恨言论,平等权,新媒体,权力,规制,,,,,,,,
175,国风,古风,边界对象,平台,新媒体,,,,,,,,
176,新媒体,高校突发事件,网络舆情,国家突发公共事件,,,,,,,,,
177,新闻传播理论,新媒体时代,新媒体,《中国新闻传播研究：智慧新媒体》,新闻传播研究,,,,,,,,
178,5G,广播电视,新媒体,硬核,速度体系,,,,,,,,
179,新媒体,媒体融合,正能量,突发公共事件,新冠肺炎,,,,,,,,
180,出版业,高质量发展,5G,大数据,出版融合,,,,,,,,
181,表情包,新媒体,符号学,拟在场,图像,,,,,,,,
182,城市书展,新媒体,5W模式,传播体系,,,,,,,,,
183,新媒体,数字身份,外语学习,,,,,,,,,,
184,川剧,新媒体,传播策略,,,,,,,,,,
185,新媒体,高校思政课,教育教学,,,,,,,,,,
186,数据挖掘,新媒体,科学传播话语,分类分析,,,,,,,,,
187,新媒体,意识形态,安全,,,,,,,,,,
188,新媒体,高校思想政治教育话语,转向,,,,,,,,,,
189,思政教育,新媒体,高职食品专业,高校思想政治教育,思想政治教育改革,微信平台,,,,,,,
190,沈阳“面人汤”,新媒体,品牌建设,产品开发,视觉设计,营销推广,,,,,,,
191,父母干预,新媒体,儿童,青少年,,,,,,,,,
192,新媒体,大学生,文化自信,时代价值,途径分析,,,,,,,,
193,传统媒体,新媒体,媒介化,竞合框架,第四堵墙,,,,,,,,
194,《申报》,上海机器织布局,洋务运动,新媒体,,,,,,,,,
195,新媒体,野生食用菌,营销渠道,交互式营销,,,,,,,,,
196,红楼梦,新媒体,传播路径,,,,,,,,,,
197,新媒体,数字阅读,5G,编辑,数字出版,,,,,,,,
198,科技期刊,期刊网站,新媒体,阅读习惯,微信公众号,,,,,,,,
199,文摘期刊,新媒体,期刊转型发展,,,,,,,,,,
200,新媒体,网络文艺,创作自由,艺术规约,,,,,,,,,
201,新媒体,新诗,诗性创作,媒介化生产,转型,,,,,,,,
202,企业社会责任,信息披露,归因理论,解释水平理论,新媒体,,,,,,,,
203,新媒体,高校,意识形态教育,,,,,,,,,,
204,新媒体,传统媒体,明星机制,要素,偶像选秀节目,,,,,,,,
205,新媒体,疫情,“扬帆”APP,,,,,,,,,,
206,参与式治理,演化博弈,仿真分析,信息管理,,,,,,,,,
207,儿童纪录片,融媒体,新媒体,时代表达,,,,,,,,,
208,高校,新媒体,“沈农思政”,微信平台,,,,,,,,,
209,新媒体,融合发展,转型,广东人民出版社,,,,,,,,,
210,临床医学期刊,新媒体,健康科普,传播,,,,,,,,,
211,SCI收录期刊,微信公众号,新媒体,传播影响力,运营现状,提升策略,,,,,,,
212,品效合一,“互联网+”,营销理念,移动互联网平台,新媒体,,,,,,,,
213,新媒体,藏羌民族,传统音乐艺术,影响,,,,,,,,,
214,音乐审美能力,传统媒体,新媒体,,,,,,,,,,
215,新媒体,书画,传播,文化,自信,,,,,,,,
216,新媒体,主流意识形态,传播,,,,,,,,,,
217,灾害感知,信息扩散,时空分异,新媒体,中国,,,,,,,,
218,新媒体,标志动态设计,动态图形设计,,,,,,,,,,
219,健康教育,健康大讲堂,新媒体,微信公众号,,,,,,,,,
220,新媒体,体育类报纸,发展困境,优化策略,,,,,,,,,
221,新媒体,党媒,语用特征,,,,,,,,,,
222,数字化舞蹈,新媒体,数字化技术,创作者,《新媒体数字化舞蹈艺术导论》,,,,,,,,
223,食用菌,新媒体,营销渠道,网络社交,短视频,,,,,,,,
224,健康素养,新媒体,健康生活方式,结构方程模型,,,,,,,,,
225,新媒体,公益传播,蚂蚁森林,意见领袖,,,,,,,,,
226,新媒体,网络电影,叙事特征,,,,,,,,,,
227,新媒体,在线活动,行为模型,标签,热词,,,,,,,,
228,健康教育,新媒体,新型冠状病毒肺炎,突发公共卫生事件,,,,,,,,,
229,线上教学,新媒体,教研活动,教研文化,,,,,,,,,
230,全媒体,广播电视台,新媒体,融合发展,路径创新,,,,,,,,
231,新媒体,新闻评论,《新京报快评》,,,,,,,,,,
232,科研支持服务,图书馆,全球顶尖大学,新媒体,,,,,,,,,
233,新媒体,媒体素养,自我效能感,评价指标,预测作用,,,,,,,,
234,梁山灯戏,新媒体,创新策略,,,,,,,,,,
235,消费社会,新媒体,审美异化,,,,,,,,,,
236,数字反哺,家庭,代际关系,新媒体,老龄化,,,,,,,,
237,新媒体,诠释包裹,情感动员,情感类型,情感策略,,,,,,,,
238,极端民族主义,新媒体,网络空间,变异,舆情应对,,,,,,,,
239,新媒体,话语,家庭伦理,文化传承,,,,,,,,,
240,新媒体,新闻传播,机制创新,,,,,,,,,,
241,体育传播研究,体育新闻传播教育,奥运传播,体育文化,新媒体,,,,,,,,
242,涉检网络舆情,公众心理,新媒体,传播疏导,,,,,,,,,
243,韩国电视产业,媒体融合,跨国企业,新媒体,,,,,,,,,
244,互联网,新媒体,地学期刊,科技期刊,,,,,,,,,
245,新媒体,阅读推广,场景,媒介素养,关系链,,,,,,,,
246,新媒体,视觉传达,视觉信息,图像,,,,,,,,,
247,新媒体,聚合新闻,科技资讯,,,,,,,,,,
248,新媒体,大学生生活方式,教育引导,,,,,,,,,,
249,新媒体,赋权,消费者增权,技术赋权,关系赋权,,,,,,,,
250,美国中部地区,华文媒体,新媒体,挑战,机遇,,,,,,,,
251,雾霾舆情,新媒体,雾霾报道,科学信息,内容分析,,,,,,,,
252,学术期刊,科普期刊,科技创新,科学普及,编委会,新媒体,,,,,,,
253,科技论文,推送服务,精准推送,新媒体,专题,,,,,,,,
254,马克思主义理论学科,新媒体,影响力,大数据方法,,,,,,,,,
255,新媒体,大学生,文化认同,文化自信,,,,,,,,,
256,“互联网+”,动漫产业,营销模式,产业链,新媒体,,,,,,,,
257,新媒体,刑满释放人员,心理健康教育,,,,,,,,,,
258,新媒体,学生,思想政治教育方法,,,,,,,,,,
259,新媒体,社会思潮,青年学生,,,,,,,,,,
260,全媒体,新媒体,周口广播电视台,直播,深度融合,,,,,,,,
261,新媒体,乡村社会治理创新,治理主体,治理方式,治理过程,,,,,,,,
262,公共舆论,舆情治理,疫情防控,新媒体,,,,,,,,,
263,科技期刊,数字化,新媒体,《柳叶刀》,,,,,,,,,
264,以文评刊,学术期刊,评价,引文,新媒体,体育期刊,,,,,,,
265,新媒体,精准推送,供需协调,按需出版,,,,,,,,,
266,粉丝经济,粉丝文化,新媒体,互联网治理,,,,,,,,,
267,新媒体,智库信息传播,评价指标,模糊DEA,,,,,,,,,
268,雄安新区,新媒体,对外传播,,,,,,,,,,
269,新媒体,媒介生态,纪录片理论,边界,技术赋能,,,,,,,,
270,新媒体,微纪录片,传播,,,,,,,,,,
271,新媒体,蹭热点,公共价值,法律伦理,,,,,,,,,
272,新媒体,网络舆论,舆论引导,,,,,,,,,,
273,新媒体,新媒体专业,,,,,,,,,,,
274,中共湖南省委,新媒体专业,新媒体,中国记协,县级融媒体中心,新媒体社会责任,媒体工作者,媒体融合发展,新闻客户端,政治引领,品牌效应,,
275,新媒体,公信力,人民日报,媒体融合发展,,,,,,,,,
276,新媒体,浙江省,县级融媒体中心,新媒体专业,新闻道德建设,,,,,,,,
277,新媒体,技术逻辑,媒介生态,研究述评,,,,,,,,,
278,新媒体,高校学生党员“,不忘初心、牢记使命”主题教育,策略,,,,,,,,,
279,新媒体,高校意识形态工作,意识形态话语权,路径,,,,,,,,,
280,大学生,膳食营养,新媒体,,,,,,,,,,
281,新媒体,话语,青年,,,,,,,,,,
282,意识形态安全,新媒体,学校,安全维护,,,,,,,,,
283,新媒体,书籍设计,互动性,,,,,,,,,,
284,品牌调侃,互黑,互捧,拟人化,网络印象管理,新媒体,,,,,,,
285,微博,新媒体,持续使用,沉浸理论,潜在示能性,,,,,,,,
286,微语义场,新媒体,微视频,《中国一分钟》,,,,,,,,,
287,新媒体,科技传播,效果评价,微信公众号,,,,,,,,,
288,新媒体,微信,媒体融合,5G,人工智能,区块链,舆论,自媒体,短视频,移动社交,热点,新意,趋势
289,新媒体,发展困境,传播政治经济学,人文价值,,,,,,,,,
290,新冠肺炎疫情,社会心态,新媒体,情感治理,,,,,,,,,
291,新媒体,少数民族体育,传播机制,,,,,,,,,,
292,传媒业,媒体人,传统媒体,新媒体,,,,,,,,,
293,学术期刊,移动出版,微信出版,新媒体,增强出版,,,,,,,,
294,新媒体,编辑活动,政治职能,学术职能,专业职能,,,,,,,,
295,新媒体,媒体融合,聚合传播,江苏,,,,,,,,,
296,新媒体,健康传播,医患关系,,,,,,,,,,
297,图书馆营销,线上线下融合,新媒体,,,,,,,,,,
298,主流文化,亚文化,新媒体,,,,,,,,,,
299,经验,传统媒体,新媒体,深层契合,,,,,,,,,
300,《主播说联播》,主流媒体,短视频,新媒体,传播策略,,,,,,,,
301,纪录片生产,新媒体,路径转变,,,,,,,,,,
302,高校,新媒体,微信公众号,信息行为,传播模式,影响力评价,,,,,,,
